{
  "model": "Faster R-CNN",
  "dataset": "AgroPest-12",
  "overall_metrics": {
    "precision": 0.0304340674111459,
    "recall": 0.216890298179323,
    "f1_score": 0.05232551897929804
  },
  "class_metrics": {
    "Ants": {
      "precision": 0.07266982622432859,
      "recall": 0.5287356321839081,
      "f1": 0.12777777777777777,
      "tp": 46.0,
      "fp": 587.0,
      "fn": 41.0
    },
    "Bees": {
      "precision": 0.072,
      "recall": 0.8181818181818182,
      "f1": 0.1323529411764706,
      "tp": 36.0,
      "fp": 464.0,
      "fn": 8.0
    },
    "Beetles": {
      "precision": 0.012658227848101266,
      "recall": 0.06818181818181818,
      "f1": 0.021352313167259787,
      "tp": 3.0,
      "fp": 234.0,
      "fn": 41.0
    },
    "Caterpillars": {
      "precision": 0.005405405405405406,
      "recall": 0.010752688172043012,
      "f1": 0.007194244604316547,
      "tp": 1.0,
      "fp": 184.0,
      "fn": 92.0
    },
    "Earthworms": {
      "precision": 0.010101010101010102,
      "recall": 0.05,
      "f1": 0.016806722689075633,
      "tp": 2.0,
      "fp": 196.0,
      "fn": 38.0
    },
    "Earwigs": {
      "precision": 0.029787234042553193,
      "recall": 0.0958904109589041,
      "f1": 0.045454545454545456,
      "tp": 7.0,
      "fp": 228.0,
      "fn": 66.0
    },
    "Grasshoppers": {
      "precision": 0.022988505747126436,
      "recall": 0.10909090909090909,
      "f1": 0.03797468354430379,
      "tp": 6.0,
      "fp": 255.0,
      "fn": 49.0
    },
    "Moths": {
      "precision": 0.0,
      "recall": 0.0,
      "f1": 0.0,
      "tp": 0.0,
      "fp": 165.0,
      "fn": 47.0
    },
    "Slugs": {
      "precision": 0.01904761904761905,
      "recall": 0.0784313725490196,
      "f1": 0.030651340996168584,
      "tp": 4.0,
      "fp": 206.0,
      "fn": 47.0
    },
    "Snails": {
      "precision": 0.07894736842105263,
      "recall": 0.66,
      "f1": 0.14102564102564102,
      "tp": 33.0,
      "fp": 385.0,
      "fn": 17.0
    },
    "Wasps": {
      "precision": 0.030042918454935622,
      "recall": 0.14893617021276595,
      "f1": 0.049999999999999996,
      "tp": 7.0,
      "fp": 226.0,
      "fn": 40.0
    },
    "Weevils": {
      "precision": 0.011560693641618497,
      "recall": 0.034482758620689655,
      "f1": 0.017316017316017316,
      "tp": 2.0,
      "fp": 171.0,
      "fn": 56.0
    }
  },
  "evaluation_settings": {
    "iou_threshold": 0.1,
    "confidence_threshold": 0.05,
    "num_test_images": 546
  }
}