{
  "model": "Faster R-CNN",
  "dataset": "AgroPest-12",
  "overall_metrics": {
    "precision": 0.02683911720703892,
    "recall": 0.21546979822459292,
    "f1_score": 0.047140486522955195
  },
  "class_metrics": {
    "Ants": {
      "precision": 0.04948216340621404,
      "recall": 0.4942528735632184,
      "f1": 0.08995815899581588,
      "tp": 43.0,
      "fp": 826.0,
      "fn": 44.0
    },
    "Bees": {
      "precision": 0.03549060542797495,
      "recall": 0.38636363636363635,
      "f1": 0.06500956022944551,
      "tp": 17.0,
      "fp": 462.0,
      "fn": 27.0
    },
    "Beetles": {
      "precision": 0.005361930294906166,
      "recall": 0.045454545454545456,
      "f1": 0.009592326139088728,
      "tp": 2.0,
      "fp": 371.0,
      "fn": 42.0
    },
    "Caterpillars": {
      "precision": 0.025236593059936908,
      "recall": 0.08602150537634409,
      "f1": 0.03902439024390244,
      "tp": 8.0,
      "fp": 309.0,
      "fn": 85.0
    },
    "Earthworms": {
      "precision": 0.01662049861495845,
      "recall": 0.15,
      "f1": 0.029925187032418952,
      "tp": 6.0,
      "fp": 355.0,
      "fn": 34.0
    },
    "Earwigs": {
      "precision": 0.024242424242424242,
      "recall": 0.1095890410958904,
      "f1": 0.03970223325062035,
      "tp": 8.0,
      "fp": 322.0,
      "fn": 65.0
    },
    "Grasshoppers": {
      "precision": 0.020050125313283207,
      "recall": 0.14545454545454545,
      "f1": 0.035242290748898675,
      "tp": 8.0,
      "fp": 391.0,
      "fn": 47.0
    },
    "Moths": {
      "precision": 0.0,
      "recall": 0.0,
      "f1": 0.0,
      "tp": 0.0,
      "fp": 232.0,
      "fn": 47.0
    },
    "Slugs": {
      "precision": 0.014705882352941176,
      "recall": 0.09803921568627451,
      "f1": 0.02557544757033248,
      "tp": 5.0,
      "fp": 335.0,
      "fn": 46.0
    },
    "Snails": {
      "precision": 0.05765407554671968,
      "recall": 0.58,
      "f1": 0.10488245931283906,
      "tp": 29.0,
      "fp": 474.0,
      "fn": 21.0
    },
    "Wasps": {
      "precision": 0.054285714285714284,
      "recall": 0.40425531914893614,
      "f1": 0.09571788413098237,
      "tp": 19.0,
      "fp": 331.0,
      "fn": 28.0
    },
    "Weevils": {
      "precision": 0.01893939393939394,
      "recall": 0.08620689655172414,
      "f1": 0.031055900621118016,
      "tp": 5.0,
      "fp": 259.0,
      "fn": 53.0
    }
  },
  "evaluation_settings": {
    "iou_threshold": 0.3,
    "confidence_threshold": 0.05,
    "num_test_images": 546
  }
}